vo2,vco2,ve,va,vq_global,po2_art,so2_art,ph_art,pco2_art,mean_qt_1,mean_qt_2,log_sd_1,log_sd_2,qt_ratio,distance,solution,qt,shunt,fio2,hb,be,dead_space,po2_ven,pco2_ven
244.85963687782703,213.27266070276707,6.162561996580926,4.3137933976066485,0.8627586795213297,87.0,96.27780906159464,7.375593247374441,43.93547406934767,0.8734512063775994,0.8605873371422981,0.42,0.365,0.705,3.00069385238257,1.0,5.0,0.02,0.21,14.0,0.0,0.3,40.0,50.0
251.46242058051928,235.10306770082323,6.903054494565351,4.832138146195746,0.9664276292391489,92.0,96.87773536572409,7.380436092384317,43.14700018215684,0.9879190005121861,0.8682827438597969,0.325,0.845,0.015,2.1743064846613662,2.0,5.0,0.02,0.21,14.0,0.0,0.3,40.0,50.0
247.0845725409671,239.81742709683047,7.371477031670527,5.160033922169369,1.0320067844338738,88.0,96.46292423900395,7.382076122652104,42.92169121450497,0.7861191877524372,1.452972763003703,0.35,0.565,0.3,2.2721685317941915,3.0,5.0,0.02,0.21,14.0,0.0,0.3,40.0,50.0
247.5378969554452,230.1742312452994,7.537807236119643,5.27646506528375,1.05529301305675,89.0,96.55398638308446,7.3796393855916005,43.296821520099535,0.9118541347815942,2.0168016498851653,0.375,1.995,0.005,1.2224810733075295,4.0,5.0,0.02,0.21,14.0,0.0,0.3,40.0,50.0
245.05612526284182,236.05491297147586,7.364589061389231,5.155212342972462,1.0310424685944926,87.0,96.33638701918264,7.3813392267269435,43.04785079450097,0.9186439527188502,0.9633121822259074,0.305,0.96,0.12,3.14747328972502,5.0,5.0,0.02,0.21,14.0,0.0,0.3,40.0,50.0
243.9840026346161,234.98810463091075,7.033379720520488,4.923365804364341,0.9846731608728684,86.0,96.20946602742671,7.381120652596803,43.08308851285422,1.1442316159869248,0.7419215340032166,0.32,0.64,0.455,4.1037454447443364,6.0,5.0,0.02,0.21,14.0,0.0,0.3,40.0,50.0
249.40280389912567,244.8940453698487,7.390352457460744,5.1732467202225205,1.0346493440445044,90.0,96.69566791085045,7.383099707172313,42.750473436050065,1.0498820195470735,0.8891419195225196,0.49,0.405,0.505,1.249526563949935,7.0,5.0,0.02,0.21,14.0,0.0,0.3,40.0,50.0
246.1403881697656,223.44011891321856,6.520509492330091,4.564356644631063,0.9128713289262127,88.0,96.42312889064502,7.378016837526853,43.55091012031495,0.9519455203074452,0.36288728965363737,0.375,0.545,0.035,2.0498004098047033,8.0,5.0,0.02,0.21,14.0,0.0,0.3,40.0,50.0
244.50492090749646,240.0869952264948,7.2955845985611125,5.1069092189927785,1.0213818437985558,86.0,96.22244154046464,7.382362504104296,42.889934644365376,0.7907985708049696,1.7412879021590046,0.48,0.31,0.465,4.151173941643523,9.0,5.0,0.02,0.21,14.0,0.0,0.3,40.0,50.0
243.54097481054532,219.5156581752929,6.443826884224926,4.510678818957448,0.9021357637914894,86.0,96.16908785910996,7.377285915937351,43.679062380279575,0.9647425249465181,0.7931486972712184,0.44,0.48,0.83,4.01285446481078,10.0,5.0,0.02,0.21,14.0,0.0,0.3,40.0,50.0
244.0383190058311,234.1152275723619,7.604355115015536,5.323048580510875,1.064609716102175,86.0,96.20774571736597,7.380956358165901,43.11228794945802,0.899758677920081,5.834880001524143,0.505,1.3,0.005,4.097320183324394,11.0,5.0,0.02,0.21,14.0,0.0,0.3,40.0,50.0
254.27803205041198,252.40946284310758,7.564140976485047,5.294898683539532,1.0589797367079066,94.0,97.10014328488384,7.384509678164808,42.50734304913859,1.0671576088053416,0.9227420873460086,0.345,1.17,0.005,4.2694290921568046,12.0,5.0,0.02,0.21,14.0,0.0,0.3,40.0,50.0
245.975564169769,224.10140952057773,6.574579040348958,4.6022053282442705,0.9204410656488541,88.0,96.42495608520059,7.3782021231569175,43.52359565275923,0.9633121822259074,0.5465347844350497,0.41,0.345,0.135,2.0559574660167237,13.0,5.0,0.02,0.21,14.0,0.0,0.3,40.0,50.0
243.64520001447633,216.29958521385186,6.468106576195877,4.527674603337114,0.9055349206674228,86.0,96.16062568429125,7.376487895731586,43.80386719449877,0.8682827438597969,0.7012484688615134,0.4,1.515,0.01,4.004805622922763,14.0,5.0,0.02,0.21,14.0,0.0,0.3,40.0,50.0
245.44934783452862,218.57864769406632,6.356381792805304,4.449467254963713,0.8898934509927425,87.0,96.2908724177501,7.376865969231747,43.732828300923686,0.8379079210744348,1.1561775486519716,0.415,0.315,0.295,3.0118732902941523,15.0,5.0,0.02,0.21,14.0,0.0,0.3,40.0,50.0
244.54918284516918,242.60865113170843,7.466009287836921,5.226206501485844,1.0452413002971688,86.0,96.22913251522704,7.383004718471254,42.7924037238035,1.0390343604428336,0.8255675203179614,0.325,0.85,0.23,4.178311712436454,16.0,5.0,0.02,0.21,14.0,0.0,0.3,40.0,50.0
245.69256745428535,229.2225069763379,6.807978591790204,4.765585014253142,0.9531170028506285,87.0,96.3179342956074,7.3795183109329985,43.320480479855526,0.9227420873460086,0.9227420873460086,0.5,0.445,0.855,3.0759952500381686,17.0,5.0,0.02,0.21,14.0,0.0,0.3,40.0,50.0
244.58777479753167,223.21020396048894,6.866862503967009,4.806803752776906,0.9613607505553812,87.0,96.30412497651415,7.378162180724099,43.54129256905269,0.8403980489708371,3.961424873594126,0.39,0.59,0.025,3.0348661432106487,18.0,5.0,0.02,0.21,14.0,0.0,0.3,40.0,50.0
251.97964544083504,240.93057881146507,7.1228233833785035,4.985976368364952,0.9971952736729903,92.0,96.88979019224772,7.381847330061485,42.926582790531654,1.0071592482200025,0.28918994275905097,0.375,1.825,0.0,2.269851207806981,19.0,5.0,0.02,0.21,14.0,0.0,0.3,40.0,50.0
242.66594765925066,209.16005339024437,6.159611105613113,4.311727773929179,0.862345554785836,86.0,96.14259197236966,7.374793668685486,44.075520524843476,0.8038109960498042,1.1682481984680249,0.345,0.815,0.055,4.000712855188764,20.0,5.0,0.02,0.21,14.0,0.0,0.3,40.0,50.0
251.3044116391921,249.6399781300031,7.697143181212453,5.388000226848717,1.0776000453697434,92.0,96.90924942001139,7.384138301959455,42.584244177735215,0.9296129787936018,2.534522374250118,0.35,0.47,0.08,2.4503804905109403,21.0,5.0,0.02,0.21,14.0,0.0,0.3,40.0,50.0
248.15357677255605,240.16928565989951,8.359306212117641,5.851514348482348,1.1703028696964695,89.0,96.5772068896045,7.38209607962534,42.91542676028051,0.9533589856102953,53.070614557002706,0.445,0.36,0.005,1.47522849495108,22.0,5.0,0.02,0.21,14.0,0.0,0.3,40.0,50.0
249.94350676716425,232.5590418961795,6.839470104783167,4.787629073348217,0.9575258146696435,91.0,96.77236881753322,7.3799449707920335,43.23176251506635,1.104203373105453,0.7574939229032762,0.365,0.3,0.69,1.2610268963258395,23.0,5.0,0.02,0.21,14.0,0.0,0.3,40.0,50.0
245.7893244144019,227.4942177087688,6.742032453814896,4.719422717670427,0.9438845435340856,87.0,96.31344694223425,7.379077020594283,43.38808773843026,0.971926158655965,0.27171877989802073,0.335,1.505,0.02,3.061770176851848,24.0,5.0,0.02,0.21,14.0,0.0,0.3,40.0,50.0
243.53326140565983,230.45312549642495,6.9103578323859365,4.8372504826701554,0.9674500965340312,86.0,96.19810568364736,7.380037224534604,43.2537535364661,0.9576119864159709,0.1754004000565293,0.45,1.615,0.02,4.069015087749965,25.0,5.0,0.02,0.21,14.0,0.0,0.3,40.0,50.0
253.4137619082875,243.0983491688405,7.168150579465143,5.0177054056256,1.0035410811251197,94.0,97.08219898286615,7.382251239480674,42.85747457104448,1.025251898089492,1.2052215395718282,0.34,0.31,0.005,4.159971677284594,26.0,5.0,0.02,0.21,14.0,0.0,0.3,40.0,50.0
250.1839281479153,242.93473567932472,7.277622975895371,5.094336083126759,1.0188672166253518,91.0,96.79518662500479,7.38252976977535,42.83351814494314,1.059270106957971,0.8944345465113168,0.46,0.38,0.635,1.5364504281547418,27.0,5.0,0.02,0.21,14.0,0.0,0.3,40.0,50.0
243.4725972878951,223.38931700181277,6.582824385891732,4.607977070124212,0.9215954140248425,86.0,96.17943197031643,7.378264048474871,43.527732610060966,0.9323756394071729,0.27091366794585825,0.425,1.2,0.02,4.027783073552972,28.0,5.0,0.02,0.21,14.0,0.0,0.3,40.0,50.0
248.66478406995665,235.74781918904506,7.002984354130381,4.902089047891266,0.9804178095782532,90.0,96.67535252085472,7.380869030793998,43.09688767466835,0.9647425249465181,0.1138987564199821,0.44,1.335,0.0,0.903112325331648,29.0,5.0,0.02,0.21,14.0,0.0,0.3,40.0,50.0
244.1359771896039,227.98290476917168,6.799164841722007,4.7594153892054045,0.951883077841081,86.0,96.19096848459391,7.379358376978932,43.35422158514228,0.8984246812919755,0.9241121908825243,0.48,0.545,0.54,4.051793400593884,30.0,5.0,0.02,0.21,14.0,0.0,0.3,40.0,50.0
245.18384558821947,209.26805703908826,6.00823471519351,4.205764300635456,0.8411528601270912,87.0,96.26717422110048,7.374560754507447,44.09493349811463,0.8416458866437535,1.1391497894708582,0.345,0.525,0.045,3.001501685667406,31.0,5.0,0.02,0.21,14.0,0.0,0.3,40.0,50.0
243.64515632276778,226.03392762597673,6.745187727384965,4.7216314091694755,0.9443262818338951,86.0,96.18634352777374,7.378919226180453,43.425703428862136,0.9132080716963432,0.7245161330588537,0.455,0.97,0.04,4.041016772004381,32.0,5.0,0.02,0.21,14.0,0.0,0.3,40.0,50.0
245.49260519893733,240.56556745165523,7.352401163527989,5.146680814469592,1.0293361628939186,87.0,96.34708721352787,7.382399766823077,42.8801345113453,0.9159219795582415,0.9879190005121861,0.41,0.635,0.8,3.2022021661162867,33.0,5.0,0.02,0.21,14.0,0.0,0.3,40.0,50.0
249.07227886545087,227.13499690981644,6.624217282844953,4.6369520979914665,0.9273904195982933,90.0,96.65514387813373,7.37866503751827,43.43369739369774,1.0879410705325183,0.7022896948122302,0.32,0.3,0.535,0.5663026063022585,34.0,5.0,0.02,0.21,14.0,0.0,0.3,40.0,50.0
246.3236342907013,240.20712391844725,7.2976098486485945,5.108326894054016,1.0216653788108032,88.0,96.46438126932661,7.3822257028169105,42.902512914020896,1.0328860946811667,0.7665387444222119,0.54,0.395,0.44,2.2813324842930953,35.0,5.0,0.02,0.21,14.0,0.0,0.3,40.0,50.0
251.71738124795286,250.91038747334906,7.564948890592934,5.2954642234150535,1.0590928446830108,92.0,96.91131892482579,7.384382894727781,42.54169968461757,1.0390343604428336,0.7202289622931413,0.44,1.62,0.0,2.4752050035996,36.0,5.0,0.02,0.21,14.0,0.0,0.3,40.0,50.0
254.4298959077704,253.0887846434169,7.52555347485201,5.267887432396407,1.053577486479281,94.0,97.10130815665015,7.384656827199315,42.48330410836354,1.0895564643990148,0.10450703751178067,0.32,0.75,0.005,4.277892755517244,37.0,5.0,0.02,0.21,14.0,0.0,0.3,40.0,50.0
246.06839653106914,243.32952024643822,7.457076677177207,5.219953674024044,1.0439907348048088,87.0,96.35351938950166,7.383038939015124,42.77848965406715,0.902432616341675,1.0222140419742873,0.435,0.615,0.915,3.239149197740201,38.0,5.0,0.02,0.21,14.0,0.0,0.3,40.0,50.0
244.8403081833515,216.55847030408566,6.275048689291058,4.39253408250374,0.878506816500748,87.0,96.2862510311605,7.376415158471116,43.8070918169332,0.9647425249465181,0.6199964984780936,0.355,0.46,0.205,3.006195863062507,39.0,5.0,0.02,0.21,14.0,0.0,0.3,40.0,50.0
243.1576166506158,224.51767449813394,6.671194691441334,4.669836284008934,0.9339672568017867,86.0,96.18277850129655,7.378581118215489,43.481088084159424,0.8644264771655888,0.9268585040370428,0.515,0.495,0.81,4.033518262807464,40.0,5.0,0.02,0.21,14.0,0.0,0.3,40.0,50.0
252.59729694560136,236.4400103857129,6.915791697248578,4.841054188074004,0.9682108376148006,93.0,96.97650580555624,7.380659242196193,43.10601493432318,0.9967530121049328,31.667475542771093,0.325,1.32,0.0,3.1303688756523878,41.0,5.0,0.02,0.21,14.0,0.0,0.3,40.0,50.0
249.15018758202834,239.79544033862402,7.29489604107333,5.106427228751331,1.0212854457502663,90.0,96.68443584699538,7.381864524250005,42.94262588770067,0.899758677920081,1.5602249595847468,0.37,0.65,0.1,1.0573741122993283,42.0,5.0,0.02,0.21,14.0,0.0,0.3,40.0,50.0
246.17573161979465,229.8829549153112,6.8225769103218585,4.7758038372253,0.9551607674450601,88.0,96.43907431723795,7.379637311347743,43.30054549775182,0.9200079712736329,0.9561922155460022,0.495,0.37,0.4,2.118781867185777,43.0,5.0,0.02,0.21,14.0,0.0,0.3,40.0,50.0
246.87846569959024,237.76847067756393,7.184260005457089,5.028982003819962,1.0057964007639921,88.0,96.45789454233753,7.381560292535089,43.00064853900852,1.1173880629470125,0.6727126168125817,0.49,0.31,0.7,2.2357780172874495,44.0,5.0,0.02,0.21,14.0,0.0,0.3,40.0,50.0
244.55558811493,234.99877761781073,8.259101150587233,5.781370805411063,1.156274161082213,86.0,96.21049835176358,7.3812192819133475,43.074861057586745,0.8219009629034152,2.2408533738414276,0.355,1.19,0.035,4.1055915606364835,45.0,5.0,0.02,0.21,14.0,0.0,0.3,40.0,50.0
243.39140803228912,235.1694548087842,7.058631623054175,4.941042136137922,0.9882084272275842,86.0,96.21056276246459,7.381225436758465,43.07126947336794,1.083109244787709,0.6717152423114688,0.36,0.75,0.235,4.106402365952253,46.0,5.0,0.02,0.21,14.0,0.0,0.3,40.0,50.0
243.5982479923183,239.8289614976431,7.329336867134985,5.130535806994489,1.026107161398898,86.0,96.22272981417137,7.3823901473781515,42.89235535944693,0.7342558042039449,1.7181902685565833,0.455,0.35,0.535,4.150527273702214,47.0,5.0,0.02,0.21,14.0,0.0,0.3,40.0,50.0
250.03349376658903,240.0138440396571,7.143648519709631,5.000553963796741,1.0001107927593482,91.0,96.78882769020105,7.3818073777686335,42.94489446715948,1.0101523639037597,0.6970989795706248,0.42,0.39,0.065,1.453701374227417,48.0,5.0,0.02,0.21,14.0,0.0,0.3,40.0,50.0
245.21455888953537,231.8708857219903,6.875991678672191,4.813194175070533,0.9626388350141066,87.0,96.32505185276497,7.380219476187948,43.215012104706375,1.07670017523294,0.7202289622931413,0.325,0.635,0.295,3.1010008055073954,49.0,5.0,0.02,0.21,14.0,0.0,0.3,40.0,50.0
250.73403287382465,245.27890477134127,8.041738440120984,5.629216908084688,1.1258433816169375,91.0,96.80042752590435,7.383126350348246,42.742945735809336,0.9849917630375471,1.2980319195843089,0.345,1.73,0.01,1.6062955590799386,50.0,5.0,0.02,0.21,14.0,0.0,0.3,40.0,50.0
244.87222231186135,242.1049372798425,7.441385498974438,5.208969849282107,1.0417939698564211,87.0,96.35160281070203,7.382848356311113,42.81600562206074,1.025251898089492,0.7106753527721233,0.58,0.385,0.36,3.2251887831554558,51.0,5.0,0.02,0.21,14.0,0.0,0.3,40.0,50.0
252.46949449647573,250.82192415503891,7.53517114760046,5.274619803320322,1.0549239606640644,93.0,97.00636457612464,7.384286428097676,42.55248307693351,1.0498820195470735,0.9037725640216088,0.42,0.305,0.045,3.3309616092900067,52.0,5.0,0.02,0.21,14.0,0.0,0.3,40.0,50.0
244.82162661175337,238.654396066989,7.2806009025120515,5.096420631758436,1.0192841263516872,87.0,96.34288679143086,7.381983037186849,42.948482707022855,0.9647425249465181,0.9118541347815942,0.625,0.4,0.945,3.1789445760236186,53.0,5.0,0.02,0.21,14.0,0.0,0.3,40.0,50.0
246.76300808668827,218.76710802576616,6.352782745629656,4.446947921940759,0.8893895843881519,88.0,96.41101409041245,7.376790980881138,43.737433717391134,0.8865073618859627,0.961883960154326,0.355,0.54,0.115,2.0171616327808337,54.0,5.0,0.02,0.21,14.0,0.0,0.3,40.0,50.0
244.8418364927825,240.81522381186494,7.388972474279437,5.172280731995605,1.034456146399121,87.0,96.34837406313898,7.382527542880551,42.86527004876066,1.2052215395718282,0.6264693456883113,0.515,0.355,0.825,3.207430757201103,55.0,5.0,0.02,0.21,14.0,0.0,0.3,40.0,50.0
242.82501276298714,208.3845706498007,6.010060670771325,4.207042469539927,0.8414084939079853,86.0,96.14014160235735,7.374564133596683,44.108912842510726,0.8631448646242685,0.23425166197406908,0.365,1.46,0.01,4.001482476191014,56.0,5.0,0.02,0.21,14.0,0.0,0.3,40.0,50.0
246.84231554471037,234.09119684426685,6.953333962490428,4.867333773743299,0.97346675474866,88.0,96.44877314607002,7.380626894464446,43.143278254936554,0.971926158655965,0.08084805384179637,0.435,1.14,0.01,2.17576932335773,57.0,5.0,0.02,0.21,14.0,0.0,0.3,40.0,50.0
253.97205579686073,247.78467674781055,7.348739942924306,5.144117960047014,1.0288235920094029,94.0,97.09113411413134,7.383373850941901,42.682093546174016,1.1009315810944664,0.9835313984721932,0.35,0.34,0.83,4.211517235039669,58.0,5.0,0.02,0.21,14.0,0.0,0.3,40.0,50.0
242.80845785298143,194.10618709273598,5.449998216083878,3.814998751258714,0.7629997502517428,86.0,96.1017212877717,7.370985934896415,44.672741132722344,0.797869923555951,0.8267933373634081,0.31,0.32,0.085,4.056178081847066,59.0,5.0,0.02,0.21,14.0,0.0,0.3,40.0,50.0
246.21875495122384,218.90768183538574,6.369928530992853,4.458949971694997,0.8917899943389994,88.0,96.41187878345707,7.376878324815547,43.72763388049233,0.8416458866437535,1.091174256830484,0.375,0.43,0.265,2.0184606270759082,60.0,5.0,0.02,0.21,14.0,0.0,0.3,40.0,50.0
244.04151519903633,232.8465273431199,7.144990858568077,5.001493600997653,1.0002987201995306,86.0,96.20412896096776,7.380611215433976,43.163434921744646,0.905114501279216,1.0237318432030287,0.46,0.995,0.06,4.086543910220027,61.0,5.0,0.02,0.21,14.0,0.0,0.3,40.0,50.0
246.2398979926018,234.73175451404558,6.954420340487918,4.868094238341542,0.9736188476683084,88.0,96.45086965654555,7.380841196764853,43.11418825534635,1.0071592482200025,0.10312078469377811,0.39,1.265,0.02,2.1873871278231354,62.0,5.0,0.02,0.21,14.0,0.0,0.3,40.0,50.0
250.91169548564272,250.05884509045126,7.585957748900995,5.310170424230696,1.0620340848461394,91.0,96.81030854408658,7.384254088374315,42.56588961415898,1.0374938714569193,1.0071592482200025,0.335,0.68,0.205,1.7483342354301334,63.0,5.0,0.02,0.21,14.0,0.0,0.3,40.0,50.0
245.32867129242356,233.59832864962902,7.054521757091195,4.938165229963836,0.9876330459927674,87.0,96.32955407541967,7.380663773661576,43.14740013305767,0.831714833735818,1.0222140419742873,0.385,0.585,0.81,3.118802099061445,64.0,5.0,0.02,0.21,14.0,0.0,0.3,40.0,50.0
244.060010670521,226.49294534765332,7.637798927898244,5.34645924952877,1.069291849905754,86.0,96.1880678711281,7.379082888162847,43.403912541950874,0.8605873371422981,15.908377198131792,0.43,0.535,0.01,4.044171145938741,65.0,5.0,0.02,0.21,14.0,0.0,0.3,40.0,50.0
245.05768078663584,225.2541166357492,6.643327577472532,4.650329304230772,0.9300658608461543,87.0,96.30838355579235,7.378579793488503,43.469697047432646,1.1510426671804845,0.6929740440037585,0.385,0.4,0.855,3.046509678550464,66.0,5.0,0.02,0.21,14.0,0.0,0.3,40.0,50.0
249.32297544852347,242.89843920875356,8.190392602421147,5.733274821694803,1.1466549643389605,90.0,96.69179843168422,7.382673657003091,42.82095203521948,0.9576119864159709,3.8228437727213236,0.405,1.825,0.005,1.1790479647805228,67.0,5.0,0.02,0.21,14.0,0.0,0.3,40.0,50.0
243.8346423461997,230.6341161205861,6.99624323167424,4.897370262171967,0.9794740524343932,86.0,96.19844320180573,7.380069361980266,43.247840002372136,0.7837898899610908,1.621589168178839,0.43,0.5,0.225,4.070103765511581,68.0,5.0,0.02,0.21,14.0,0.0,0.3,40.0,50.0
245.4415996088823,242.99564184785146,7.421202007885924,5.194841405520147,1.038968281104029,87.0,96.35321271423555,7.383008436090958,42.78698082256517,1.0086546958285425,0.8403980489708371,0.53,0.605,0.29,3.2359566630016343,69.0,5.0,0.02,0.21,14.0,0.0,0.3,40.0,50.0
243.43576418212152,231.15736218980948,6.955851649347999,4.869096154543599,0.9738192309087198,86.0,96.20007505288427,7.3802247861820245,43.225635632945036,1.0056660177860413,0.7768433255764277,0.525,0.52,0.605,4.074265599217169,70.0,5.0,0.02,0.21,14.0,0.0,0.3,40.0,50.0
244.19108981750634,243.9472504230057,7.561892406084208,5.293324684258946,1.058664936851789,86.0,96.23305989401567,7.383382262497642,42.73774700804596,1.0206984910619605,0.6687319823823328,0.605,0.33,0.34,4.1944347194463445,71.0,5.0,0.02,0.21,14.0,0.0,0.3,40.0,50.0
244.95990378834645,233.6730015533018,7.0062923323326745,4.904404632632872,0.9808809265265745,87.0,96.32997763517312,7.380705603198708,43.14263344481587,0.8825701549818911,1.4000650986093115,0.51,0.35,0.195,3.1201085573980114,72.0,5.0,0.02,0.21,14.0,0.0,0.3,40.0,50.0
243.5763128422323,243.39963680918189,7.525931776756445,5.268152243729511,1.0536304487459023,86.0,96.23218952521876,7.383298555375267,42.754383735510544,0.9647425249465181,0.7202289622931413,0.605,0.365,0.09,4.189458184343253,73.0,5.0,0.02,0.21,14.0,0.0,0.3,40.0,50.0
253.89116401820343,243.23056011626142,7.157336399737245,5.010135479816071,1.0020270959632143,94.0,97.0820893684232,7.382237491388821,42.85619859947195,1.0328860946811667,0.9118541347815942,0.32,0.43,0.015,4.160322300477443,74.0,5.0,0.02,0.21,14.0,0.0,0.3,40.0,50.0
246.95138722994372,246.5810970366814,7.640567511275765,5.348397257893035,1.0696794515786074,88.0,96.4795156137012,7.383783457230275,42.66153414439212,0.890462132944133,1.091174256830484,0.375,0.675,0.525,2.4065516505215783,75.0,5.0,0.02,0.21,14.0,0.0,0.3,40.0,50.0
254.27718255432552,251.54791255841502,7.493177870392767,5.245224509274936,1.0490449018549872,94.0,97.09839018918514,7.38428834815082,42.54063532128743,1.0176741268460727,1.163059708140215,0.375,0.31,0.585,4.257903858176443,76.0,5.0,0.02,0.21,14.0,0.0,0.3,40.0,50.0
242.86310593631129,217.87985685657566,6.420943664960208,4.494660565472145,0.898932113094429,86.0,96.16549205267175,7.376946579030156,43.736992867434736,0.7872864312260278,1.3135310103143358,0.425,0.47,0.215,4.008637268671262,77.0,5.0,0.02,0.21,14.0,0.0,0.3,40.0,50.0
253.07497200834544,251.9387433416245,7.568816426603047,5.298171498622133,1.0596342997244266,93.0,97.00818435372194,7.384508796358195,42.514508718625486,0.8708631408557789,1.3115835481984688,0.34,0.365,0.81,3.3476386225277808,78.0,5.0,0.02,0.21,14.0,0.0,0.3,40.0,50.0
245.32965950058897,234.77282155299014,7.072309535818848,4.950616675073193,0.9901233350146388,87.0,96.33247332131506,7.380952178206215,43.102595584452885,0.9268585040370428,0.9576119864159709,0.465,0.61,0.375,3.131347103890506,79.0,5.0,0.02,0.21,14.0,0.0,0.3,40.0,50.0
250.4596738303345,241.73162779529278,7.205531056576083,5.043871739603258,1.0087743479206517,91.0,96.79226576154679,7.382197754002367,42.88215886258874,0.9967530121049328,1.347083808130628,0.425,0.35,0.005,1.4998562626094885,80.0,5.0,0.02,0.21,14.0,0.0,0.3,40.0,50.0
243.98893531918677,236.17838393835058,7.497715918471309,5.248401142929916,1.0496802285859832,86.0,96.21310282540277,7.381468247612604,43.03324040693487,0.971926158655965,0.3810973762525751,0.39,1.745,0.03,4.115169997798809,81.0,5.0,0.02,0.21,14.0,0.0,0.3,40.0,50.0
245.21211021878085,212.6779559933741,6.125919903614448,4.288143932530113,0.8576287865060227,87.0,96.27591911723822,7.375409523380311,43.96165521697884,0.877347733017105,0.5082105662624774,0.375,0.665,0.01,3.0002450437230856,82.0,5.0,0.02,0.21,14.0,0.0,0.3,40.0,50.0
247.143945043495,241.9467018481356,7.447335533324815,5.213134873327371,1.0426269746654742,88.0,96.46802732850409,7.382600310023173,42.84072659116676,0.8957626185177446,1.3855992551805332,0.435,0.71,0.135,2.3116909041711975,83.0,5.0,0.02,0.21,14.0,0.0,0.3,40.0,50.0
245.77537402175284,234.16746543090062,7.020070910208131,4.914049637145691,0.9828099274291382,87.0,96.33046568231607,7.380753807932247,43.129739337113016,0.9309932843495117,0.9561922155460022,0.505,0.495,0.455,3.123676299069494,84.0,5.0,0.02,0.21,14.0,0.0,0.3,40.0,50.0
247.2148692972631,236.17172157059764,6.989140272602848,4.892398190821993,0.9784796381643988,88.0,96.4534147055521,7.381101536262834,43.06688641792386,1.0815034096722793,0.40081552070133686,0.34,0.335,0.14,2.2069664603375747,85.0,5.0,0.02,0.21,14.0,0.0,0.3,40.0,50.0
246.79048819206633,239.6699878368338,7.580891867859338,5.3066243075015365,1.0613248615003072,88.0,96.46318472250474,7.382102859137683,42.92218717008527,0.797869923555951,1.5579117450681792,0.305,0.73,0.15,2.2719332068370304,86.0,5.0,0.02,0.21,14.0,0.0,0.3,40.0,50.0
248.81652750848477,243.86534805698972,7.486441474381119,5.240509032066783,1.0481018064133567,90.0,96.69404362365978,7.382920797060017,42.783500403827375,0.9118541347815942,1.6654802623089784,0.41,0.66,0.095,1.2164995961726248,87.0,5.0,0.02,0.21,14.0,0.0,0.3,40.0,50.0
243.56342493985733,236.86755521668096,7.210319118259683,5.047223382781778,1.0094446765563556,86.0,96.21500860381866,7.381650543538567,43.005942943449554,0.9309932843495117,0.5816762576584554,0.565,0.82,0.0,4.12166828258628,88.0,5.0,0.02,0.21,14.0,0.0,0.3,40.0,50.0
250.4998983973776,230.7720863521485,6.740411820212355,4.718288274148648,0.9436576548297294,91.0,96.76789291620373,7.379440325005403,43.30553106006209,0.9647425249465181,0.5211922821443334,0.355,0.32,0.005,1.2174921390048021,89.0,5.0,0.02,0.21,14.0,0.0,0.3,40.0,50.0
251.69312412509086,249.20056971232114,7.508197498988377,5.255738249291864,1.0511476498583727,92.0,96.90772393617571,7.383958123466653,42.60666056346453,1.0639955846492903,0.8618651522222304,0.305,0.87,0.06,2.4374976482870667,90.0,5.0,0.02,0.21,14.0,0.0,0.3,40.0,50.0
250.33288822913102,237.9345763169926,7.023345770823522,4.916342039576465,0.983268407915293,91.0,96.78394279036581,7.381253520173227,43.027547296771566,0.9997152021246702,0.06548910656823692,0.375,0.415,0.01,1.3948706965221864,91.0,5.0,0.02,0.21,14.0,0.0,0.3,40.0,50.0
244.83839794793667,226.13679932499372,9.003202871861914,6.30224201030334,1.260448402060668,87.0,96.31244740339902,7.378978805735835,43.42083520493423,0.8504327834128902,34.51333201245163,0.38,1.48,0.005,3.055393896021195,92.0,5.0,0.02,0.21,14.0,0.0,0.3,40.0,50.0
250.87540993339204,244.6575051287599,7.317564964824615,5.12229547537723,1.0244590950754462,91.0,96.79837340512826,7.382892396793177,42.7730678197372,1.068742143025569,0.7711015746719282,0.415,0.395,0.215,1.5828337167764743,93.0,5.0,0.02,0.21,14.0,0.0,0.3,40.0,50.0
246.27377262841534,240.90724774851287,7.304767538464909,5.113337276925436,1.0226674553850872,88.0,96.46609361393732,7.382401581028375,42.87560233879167,0.9491248734736316,1.0161653068846348,0.555,0.405,0.385,2.294399725534057,94.0,5.0,0.02,0.21,14.0,0.0,0.3,40.0,50.0
244.96671562467043,216.92426645999348,6.2677159935644,4.387401195495079,0.8774802390990158,87.0,96.28707459421427,7.376495450801007,43.793748247483336,0.9213740151469428,0.14832583362038612,0.345,0.755,0.015,3.0070816060453356,95.0,5.0,0.02,0.21,14.0,0.0,0.3,40.0,50.0
244.25322847514826,211.35671650463834,6.096406583580116,4.267484608506081,0.8534969217012162,87.0,96.27345782698228,7.375170411918086,44.00577296926715,0.8631448646242685,0.6320712598730185,0.4,0.415,0.015,3.0000055545238844,96.0,5.0,0.02,0.21,14.0,0.0,0.3,40.0,50.0
244.7821018660532,239.061501673428,7.287128113955961,5.100989679769173,1.0201979359538345,87.0,96.34393313987987,7.382086797382324,42.93269973210544,0.703332466793389,1.3331653814280293,0.43,0.47,0.79,3.18420003483572,97.0,5.0,0.02,0.21,14.0,0.0,0.3,40.0,50.0
246.21480268195324,231.00998150972066,7.223275735009379,5.056293014506565,1.0112586029013129,88.0,96.4421491556191,7.379950717848224,43.25442255701401,0.9254843287726542,0.7299110009970822,0.41,1.795,0.01,2.134452089762037,98.0,5.0,0.02,0.21,14.0,0.0,0.3,40.0,50.0
242.7966031717997,212.14385173310325,6.166895909029869,4.316827136320908,0.8633654272641816,86.0,96.1502178480569,7.3755090384484605,43.961214879130935,0.7266692787553521,1.1578942612306768,0.38,0.39,0.505,4.000188031280633,99.0,5.0,0.02,0.21,14.0,0.0,0.3,40.0,50.0
242.82012291097814,207.58000446925635,5.984320157897056,4.189024110527939,0.8378048221055877,86.0,96.1379882525902,7.374362553551087,44.14052237453356,0.8878236634704717,0.7474460054591892,0.44,0.325,0.67,4.002467556113921,100.0,5.0,0.02,0.21,14.0,0.0,0.3,40.0,50.0
245.07250013116177,235.34151714348644,7.088502226022404,4.961951558215683,0.9923903116431365,87.0,96.3341421469303,7.381117162358088,43.07885064846314,0.9505341506308934,0.46769096944137356,0.515,0.515,0.02,3.1382345558987113,101.0,5.0,0.02,0.21,14.0,0.0,0.3,40.0,50.0
243.65200875187955,215.71470352662806,6.32208144442656,4.425457011098592,0.8850914022197184,86.0,96.15893713655736,7.376328889711367,43.82774777575203,0.8466557929780011,2.657761227310336,0.42,0.355,0.025,4.003707135737875,102.0,5.0,0.02,0.21,14.0,0.0,0.3,40.0,50.0
247.0094245663283,238.235897183144,7.162205633146466,5.013543943202526,1.0027087886405053,88.0,96.4588369034924,7.381656876450309,42.98433962658212,0.9604578555876645,20.933135449014053,0.495,0.395,0.0,2.243115243167713,103.0,5.0,0.02,0.21,14.0,0.0,0.3,40.0,50.0
247.5599440363503,213.85951373533237,6.128445234771465,4.289911664340025,0.857982332868005,89.0,96.5142891962916,7.375481633477657,43.93764064289564,0.8878236634704717,0.6929740440037585,0.33,0.935,0.0,1.001942458137427,104.0,5.0,0.02,0.21,14.0,0.0,0.3,40.0,50.0
246.20644772854732,245.9747613800797,7.525253762828418,5.2676776339798925,1.0535355267959785,87.0,96.35998040534976,7.383682232707277,42.678845663273954,0.9533589856102953,1.2123956339517707,0.57,0.3,0.24,3.278025134353005,105.0,5.0,0.02,0.21,14.0,0.0,0.3,40.0,50.0
244.62113802053852,205.79696351811592,5.87165630060934,4.1101594104265375,0.8220318820853076,87.0,96.25871942924947,7.373742220699404,44.22713471524996,0.831714833735818,0.890462132944133,0.335,0.41,0.24,3.008586076360735,106.0,5.0,0.02,0.21,14.0,0.0,0.3,40.0,50.0
248.58751461907394,239.8800010722038,7.159574393659152,5.011702075561406,1.002340415112281,89.0,96.5754705890281,7.38191174360081,42.935616908366725,1.0041750012394395,0.33445016981172954,0.43,0.73,0.015,1.4604490288109366,107.0,5.0,0.02,0.21,14.0,0.0,0.3,40.0,50.0
245.58341110677927,211.70652551869082,6.079532995824736,4.255673097077315,0.851134619415463,88.0,96.39452827538913,7.3751301518666,44.00457348299555,0.9421097670534194,0.7943263782830812,0.335,0.385,0.79,2.0000052291798416,108.0,5.0,0.02,0.21,14.0,0.0,0.3,40.0,50.0
249.79945538226983,241.1225386289363,7.200466265815222,5.040326386070655,1.008065277214131,90.0,96.68666624243063,7.3821094291663885,42.89875498814206,0.9908549372669155,0.06836845855998896,0.44,0.82,0.0,1.1012450118579409,109.0,5.0,0.02,0.21,14.0,0.0,0.3,40.0,50.0
248.35557338255649,246.7629800475116,7.993773930845858,5.5956417515921,1.1191283503184202,89.0,96.5927245145426,7.3837481427493685,42.662805155885586,0.8799550697063558,2.0992355441006514,0.37,0.85,0.065,1.6697574827280075,110.0,5.0,0.02,0.21,14.0,0.0,0.3,40.0,50.0
246.313332837952,239.71103903113652,7.215344698592925,5.050741289015047,1.0101482578030094,88.0,96.4630681747314,7.382090896199443,42.922415758740684,0.9967530121049328,0.2713159252825866,0.475,0.565,0.025,2.2718247725144685,111.0,5.0,0.02,0.21,14.0,0.0,0.3,40.0,50.0
243.12330951717502,221.23938610281152,6.652575849036802,4.6568030943257614,0.9313606188651523,86.0,96.17437491839402,7.377785493392982,43.60635907259477,0.7676769145122203,2.0048676532781835,0.37,0.44,0.135,4.019322477698007,112.0,5.0,0.02,0.21,14.0,0.0,0.3,40.0,50.0
245.0122588719175,217.17984132787223,6.258368963664479,4.380858274565135,0.876171654913027,87.0,96.28768387413805,7.376554864470414,43.784152393971915,0.9351465102048093,0.07233389291332573,0.31,0.82,0.02,3.0077550081461184,113.0,5.0,0.02,0.21,14.0,0.0,0.3,40.0,50.0
244.24204844756972,230.54294196787203,6.910059517700277,4.8370416623901935,0.9674083324780387,86.0,96.19764059096526,7.379992944980979,43.25574659328072,0.9533589856102953,0.8085956897844896,0.42,0.75,0.18,4.068650038208405,114.0,5.0,0.02,0.21,14.0,0.0,0.3,40.0,50.0
245.27250800433578,232.32925194671807,6.933535816316927,4.853475071421848,0.9706950142843697,87.0,96.32623471224987,7.3803361473212705,43.197162798855864,0.8618651522222304,1.130730183974214,0.525,0.37,0.555,3.105567189989769,115.0,5.0,0.02,0.21,14.0,0.0,0.3,40.0,50.0
252.50122043093396,241.8478846326014,7.130113746275044,4.9910796223925304,0.998215924478506,93.0,96.98778144312388,7.382024265506179,42.89708935648382,1.0267742099799488,0.23425166197406908,0.34,0.56,0.005,3.196312232492514,116.0,5.0,0.02,0.21,14.0,0.0,0.3,40.0,50.0
252.64377388483936,251.36774794344632,7.551091008416715,5.2857637058917,1.05715274117834,93.0,97.00734421469859,7.384406116541259,42.53303588834131,1.0483254476480146,0.367765583873309,0.415,1.26,0.0,3.3394585945770565,117.0,5.0,0.02,0.21,14.0,0.0,0.3,40.0,50.0
243.1177369027747,211.999514917542,6.153353808320508,4.307347665824356,0.861469533164871,86.0,96.14950442434115,7.375442047463575,43.96943608273552,0.8466557929780011,0.8708631408557789,0.39,0.53,0.3,4.00011676742549,118.0,5.0,0.02,0.21,14.0,0.0,0.3,40.0,50.0
243.115944865556,210.08445756679137,6.120309204800502,4.284216443360351,0.8568432886720702,86.0,96.14448403730707,7.374971014905784,44.043776701015574,0.8097963067601075,0.9952752101233217,0.34,0.64,0.145,4.000239542771383,119.0,5.0,0.02,0.21,14.0,0.0,0.3,40.0,50.0
249.97568285312397,249.49403048040466,7.490458658586667,5.243321061010667,1.0486642122021332,90.0,96.70553249969721,7.384188364350334,42.579785500302606,1.0703290299898278,0.07744312107364869,0.395,1.245,0.015,1.4202144996973942,120.0,5.0,0.02,0.21,14.0,0.0,0.3,40.0,50.0
247.7761494057704,238.7198381738564,7.1669248131945125,5.016847369236158,1.0033694738472316,89.0,96.57352226514755,7.381705021249056,42.97339081236674,1.1578942612306768,0.667740509633588,0.43,0.345,0.605,1.4331526171810967,121.0,5.0,0.02,0.21,14.0,0.0,0.3,40.0,50.0
251.34009196749574,244.70933794840414,7.292397994524527,5.104678596167169,1.0209357192334338,92.0,96.89838344974524,7.382857054294547,42.7764967364274,1.2415215997505356,0.7245161330588537,0.325,0.315,0.615,2.344559710472909,122.0,5.0,0.02,0.21,14.0,0.0,0.3,40.0,50.0
252.7826483581137,247.3979527043447,7.485073150058546,5.239551205040982,1.0479102410081962,93.0,96.99921430039612,7.383414158597844,42.684432290011216,1.0071592482200025,4.5206442513920475,0.355,0.39,0.015,3.2757775259570256,123.0,5.0,0.02,0.21,14.0,0.0,0.3,40.0,50.0
253.43343702177242,253.3720282409629,7.7535290023904535,5.427470301673317,1.0854940603346634,93.0,97.01099148019578,7.384852110667697,42.461164341691024,1.0436695650601786,6.182474718965647,0.38,0.615,0.005,3.3716487336736636,124.0,5.0,0.02,0.21,14.0,0.0,0.3,40.0,50.0
252.23551133751164,237.4025215178584,6.96395467596286,4.874768273174002,0.9749536546348004,93.0,96.97879299041468,7.380935667908439,43.066041402359886,1.0056660177860413,0.8695719852137694,0.33,0.5,0.04,3.142018246622048,125.0,5.0,0.02,0.21,14.0,0.0,0.3,40.0,50.0
245.13531114343044,239.1252067171681,7.891963522638703,5.5243744658470915,1.1048748931694183,87.0,96.34438662878712,7.3821317773881985,42.927897813992345,0.9463125843119655,0.7485558263175607,0.36,1.55,0.035,3.185812784399358,126.0,5.0,0.02,0.21,14.0,0.0,0.3,40.0,50.0
243.34257059281708,237.20513319231492,7.249347313823385,5.0745431196763695,1.0149086239352738,86.0,96.2161591354312,7.381760645830741,42.990885862440244,0.9690463085136708,0.8891419195225196,0.42,0.705,0.56,4.125325604436935,127.0,5.0,0.02,0.21,14.0,0.0,0.3,40.0,50.0
244.80197381438717,242.64773537440192,7.416040541920695,5.191228379344486,1.0382456758688974,86.0,96.22889634431138,7.382982028881112,42.79353333059284,1.0514409026712224,0.7342558042039449,0.38,0.895,0.155,4.1779853786712104,128.0,5.0,0.02,0.21,14.0,0.0,0.3,40.0,50.0
245.45767009115113,245.45606018266142,7.6467042930100915,5.352693005107064,1.0705386010214126,87.0,96.3595963935856,7.383643963150663,42.691280956695465,0.9547745496510668,1.0863280716748431,0.51,0.96,0.065,3.273033078706651,129.0,5.0,0.02,0.21,14.0,0.0,0.3,40.0,50.0
245.99533730909044,238.00921893656658,7.154981534757895,5.008487074330526,1.0016974148661053,87.0,96.3399632653044,7.381693302077885,42.98368636693926,0.8219009629034152,1.1544633812988332,0.535,0.415,1.0,3.167474293620253,130.0,5.0,0.02,0.21,14.0,0.0,0.3,40.0,50.0
243.89866625099188,237.06587158629412,8.342027832173533,5.839419482521473,1.1678838965042946,86.0,96.21704238775371,7.381845195368911,42.98653313947987,0.7943263782830812,7.542371080313854,0.34,0.355,0.06,4.126392501613551,131.0,5.0,0.02,0.21,14.0,0.0,0.3,40.0,50.0
247.72198930324566,231.6946471947009,6.911412966709008,4.837989076696306,0.9675978153392609,89.0,96.55696743205002,7.379953748195488,43.24348041991328,0.820682399370708,1.1173880629470125,0.325,0.52,0.51,1.2539225953202147,132.0,5.0,0.02,0.21,14.0,0.0,0.3,40.0,50.0
244.4981917527757,239.39546860449852,7.2786487566868265,5.095054129680778,1.0190108259361557,86.0,96.22066942400228,7.382192622584668,42.916207388635385,0.9864542959776644,0.6181594278442163,0.53,0.655,0.08,4.144225672480751,133.0,5.0,0.02,0.21,14.0,0.0,0.3,40.0,50.0
251.00855245589457,248.97542907870402,7.515431594163048,5.260802115914133,1.0521604231828268,91.0,96.80780824371493,7.383968357375283,42.608393549084646,1.2751255127937209,0.7563708502797372,0.395,0.335,0.84,1.7136418862262992,134.0,5.0,0.02,0.21,14.0,0.0,0.3,40.0,50.0
244.5029202763557,222.4446629360475,6.56105757464231,4.5927403022496165,0.9185480604499233,87.0,96.3017801996016,7.377932469225634,43.574176855828455,0.8219009629034152,1.3057584687651211,0.43,0.44,0.215,3.0300701889745296,135.0,5.0,0.02,0.21,14.0,0.0,0.3,40.0,50.0
244.48367556765226,220.02085995229237,6.504043824767156,4.552830677337009,0.9105661354674017,87.0,96.29566139809039,7.377333781922625,43.66780197365551,0.8554949938461426,1.9578336695664516,0.42,0.59,0.03,3.0183365499405754,136.0,5.0,0.02,0.21,14.0,0.0,0.3,40.0,50.0
243.95670893547265,223.75824081473075,6.625836069964323,4.638085248975026,0.9276170497950051,86.0,96.17996478809474,7.378314510259351,43.5168590280655,0.8917843066416488,0.8970926624686381,0.425,0.565,0.525,4.029072498573563,137.0,5.0,0.02,0.21,14.0,0.0,0.3,40.0,50.0
246.44896941166562,213.85467210525456,6.174023853934708,4.321816697754295,0.8643633395508591,88.0,96.3991108334564,7.375590970017983,43.92685923745439,0.8786504342249992,0.9200079712736329,0.34,0.93,0.01,2.0013369459303334,138.0,5.0,0.02,0.21,14.0,0.0,0.3,40.0,50.0
243.89748470868682,222.95732558554846,7.0905753677474435,4.96340275742321,0.9926805514846422,86.0,96.17840894645933,7.378167182251929,43.54358061800136,0.8657099926675519,1.510118704146847,0.42,1.58,0.01,4.025955619758372,139.0,5.0,0.02,0.21,14.0,0.0,0.3,40.0,50.0
243.1848337329015,220.5748579088546,6.500968268442926,4.550677787910048,0.9101355575820096,86.0,96.17227941810782,7.377587397500561,43.634829377133904,0.854226623265055,0.9254843287726542,0.535,0.38,0.815,4.016634111268341,140.0,5.0,0.02,0.21,14.0,0.0,0.3,40.0,50.0
244.74922414479536,219.42070706586526,6.560494505607158,4.5923461539250106,0.9184692307850023,87.0,96.29392221444313,7.37716381233191,43.6928074525479,0.9227420873460086,0.18311220920650825,0.315,1.92,0.015,3.0156868639184187,141.0,5.0,0.02,0.21,14.0,0.0,0.3,40.0,50.0
254.01787679724848,250.39458087605482,7.44875489242906,5.214128424700341,1.042825684940068,94.0,97.09628839910256,7.3840231923747695,42.58273167488725,1.083109244787709,0.820682399370708,0.34,0.47,0.07,4.243659918674905,142.0,5.0,0.02,0.21,14.0,0.0,0.3,40.0,50.0
245.99626923339528,222.1491389088559,7.0968665368331525,4.967806575783206,0.9935613151566411,88.0,96.42066036509425,7.3777666840365415,43.59506788916826,0.8812616423332172,23.052515214501774,0.39,0.415,0.005,2.040580803198601,143.0,5.0,0.02,0.21,14.0,0.0,0.3,40.0,50.0
249.98036278506265,243.82567954372192,7.312733433794657,5.11891340365626,1.023782680731252,91.0,96.79731246903829,7.382771627179396,42.797852854546676,1.0011995966838028,6.200848041832383,0.45,1.55,0.0,1.5637000221658806,144.0,5.0,0.02,0.21,14.0,0.0,0.3,40.0,50.0
247.33933832715599,229.21949621387478,6.734912066682739,4.714438446677917,0.9428876893355836,89.0,96.5512549337593,7.379351608468473,43.33775284752459,1.1459305910365682,0.7654022618014105,0.325,0.43,0.765,1.199404556837178,145.0,5.0,0.02,0.21,14.0,0.0,0.3,40.0,50.0
243.74232987042495,235.77038223649183,7.194337419639559,5.036036193747691,1.0072072387495383,86.0,96.21200641650945,7.381363417184308,43.049156182127454,0.9064584310686554,1.132409111862248,0.525,0.765,0.08,4.11146007714856,146.0,5.0,0.02,0.21,14.0,0.0,0.3,40.0,50.0
244.324442179402,238.06161388860085,7.230168777096592,5.061118143967614,1.0122236287935231,86.0,96.21734890790404,7.38187454216933,42.96614153415498,0.9172819564798259,1.3430923531605388,0.555,0.39,0.1,4.131448090851369,147.0,5.0,0.02,0.21,14.0,0.0,0.3,40.0,50.0
244.11035418656581,240.0920185932403,7.3492420539671555,5.144469437777008,1.0288938875554017,86.0,96.22294771134659,7.382411043617239,42.88590901987732,0.9590338653864772,0.9309932843495117,0.48,0.645,0.805,4.152252245708432,148.0,5.0,0.02,0.21,14.0,0.0,0.3,40.0,50.0
246.05212270742314,224.1835163834832,9.548058923466089,6.683641246426262,1.336728249285252,88.0,96.42703251973525,7.378412809845683,43.50474833646169,0.8403980489708371,43.18040601094135,0.305,1.445,0.005,2.0604063216359694,149.0,5.0,0.02,0.21,14.0,0.0,0.3,40.0,50.0
243.19165589193847,209.71951658800805,6.681169336296005,4.676818535407203,0.9353637070814406,86.0,96.14402280856365,7.374927774400488,44.054071933367645,0.815826185091997,1.4000650986093115,0.32,1.58,0.01,4.00036545505259,150.0,5.0,0.02,0.21,14.0,0.0,0.3,40.0,50.0
246.4953474769743,243.52231011534613,7.388921528412747,5.172245069888922,1.0344490139777849,88.0,96.47223073136314,7.38303271203453,42.77729657336477,0.8970926624686381,1.5718426547978965,0.515,0.33,0.27,2.344142416643137,151.0,5.0,0.02,0.21,14.0,0.0,0.3,40.0,50.0
246.032425491261,228.4484455908128,6.756312314177921,4.7294186199245445,0.9458837239849089,88.0,96.43565411342745,7.379289054303061,43.355157145948866,0.9590338653864772,0.8097963067601075,0.41,0.6,0.2,2.101385806181438,152.0,5.0,0.02,0.21,14.0,0.0,0.3,40.0,50.0
249.88588629656334,249.0120348666178,7.546684952120427,5.282679466484298,1.0565358932968596,90.0,96.70461022048168,7.384086428036691,42.59666794629177,1.0176741268460727,0.31799687292412077,0.48,0.895,0.0,1.4033320537082332,153.0,5.0,0.02,0.21,14.0,0.0,0.3,40.0,50.0
247.06056607872569,242.11030030351495,7.293840384834094,5.105688269383865,1.0211376538767731,88.0,96.46820309566921,7.382618379690284,42.83630885715361,1.3430923531605388,0.6434258138004739,0.345,0.36,0.74,2.313909478769456,154.0,5.0,0.02,0.21,14.0,0.0,0.3,40.0,50.0
245.66168199248182,230.4173467485935,6.794991036782296,4.756493725747607,0.9512987451495214,87.0,96.3209432546313,7.379814547069482,43.27451621415704,0.9791632828998674,0.10591192572788583,0.395,0.8,0.02,3.0864748052626374,155.0,5.0,0.02,0.21,14.0,0.0,0.3,40.0,50.0
249.23227768109814,225.22731297174232,6.544973959723901,4.581481771806731,0.9162963543613462,90.0,96.65059843482395,7.3781713373282445,43.50904973556184,1.0359556664246503,0.8050045086287582,0.335,0.34,0.675,0.4909502644381618,156.0,5.0,0.02,0.21,14.0,0.0,0.3,40.0,50.0
246.19320521943618,244.39154852767155,7.535094538454824,5.274566176918376,1.0549132353836752,87.0,96.35614757296835,7.383300463052526,42.73819861230388,0.8747481219548154,1.1190471802211654,0.445,0.645,0.51,3.2545572267194576,157.0,5.0,0.02,0.21,14.0,0.0,0.3,40.0,50.0
243.49461386818945,224.85247154904505,6.689005159439063,4.6823036116073435,0.9364607223214687,86.0,96.18336243087867,7.378636474431572,43.470441696125626,0.9690463085136708,0.29967330619515664,0.33,1.44,0.03,4.03490173327707,158.0,5.0,0.02,0.21,14.0,0.0,0.3,40.0,50.0
244.08534976725917,199.50291483664842,5.634841810510688,3.944389267357481,0.7888778534714962,87.0,96.24289882654834,7.372216031595561,44.47121038423564,0.8231213357804974,22.213094979332254,0.32,1.93,0.0,3.036781063266086,159.0,5.0,0.02,0.21,14.0,0.0,0.3,40.0,50.0
250.30359886882945,232.4026454118357,6.809477824239258,4.76663447696748,0.9533268953934961,91.0,96.77168694533985,7.379868041341892,43.24089467015009,0.971926158655965,0.32419003106987865,0.365,0.4,0.005,1.2554843295742641,160.0,5.0,0.02,0.21,14.0,0.0,0.3,40.0,50.0
244.28787953141045,220.18793264056205,6.454047336216985,4.517833135351889,0.9035666270703778,86.0,96.17011268026033,7.3773826926395145,43.658799283219885,0.820682399370708,0.9748145672508005,0.47,0.42,0.895,4.014525866043369,161.0,5.0,0.02,0.21,14.0,0.0,0.3,40.0,50.0
244.36806391189555,230.96214415025395,6.920230577056995,4.844161403939896,0.9688322807879794,86.0,96.19860404085317,7.380084677687465,43.24063499880136,0.8428955771277985,1.0751038423066914,0.505,0.5,0.555,4.071441416138197,162.0,5.0,0.02,0.21,14.0,0.0,0.3,40.0,50.0
250.39547295733104,229.78533695122536,6.709889469435872,4.69692262860511,0.9393845257210222,91.0,96.76579689062302,7.379204270714213,43.342817144288276,0.8734512063775994,1.0751038423066914,0.32,0.365,0.7,1.1966157720176587,163.0,5.0,0.02,0.21,14.0,0.0,0.3,40.0,50.0
253.61647626982347,246.00108211126008,7.284284398911739,5.098999079238217,1.0197998158476433,94.0,97.08784810431217,7.382960548185016,42.74764598041363,1.0703290299898278,1.0056660177860413,0.35,0.35,0.985,4.191466400959709,164.0,5.0,0.02,0.21,14.0,0.0,0.3,40.0,50.0
244.38025761030514,210.7987285489994,6.082039921136986,4.25742794479589,0.851485588959178,87.0,96.27191496651169,7.3750206134586875,44.02848650624523,0.9407129800221898,0.7202289622931413,0.405,0.315,0.68,3.000135243791196,165.0,5.0,0.02,0.21,14.0,0.0,0.3,40.0,50.0
248.1105276106936,236.91198953589065,7.078467794883522,4.954927456418465,0.9909854912836931,89.0,96.56892439702699,7.381217691331967,43.04574583917667,0.9435086280583813,1.510118704146847,0.45,0.48,0.045,1.382244914423143,166.0,5.0,0.02,0.21,14.0,0.0,0.3,40.0,50.0
243.88667158730897,215.89139101721776,6.289107652821082,4.4023753569747575,0.8804750713949515,86.0,96.15908994242473,7.3763432758684315,43.82332493398922,0.8085956897844896,1.373318981397044,0.41,0.33,0.2,4.00389985875645,167.0,5.0,0.02,0.21,14.0,0.0,0.3,40.0,50.0
245.25332994688364,226.0440349248558,7.427069178746042,5.1989484251222295,1.039789685024446,87.0,96.3110963945489,7.378846102025177,43.43342758552039,0.8593114165714713,7.758020464725722,0.39,0.815,0.01,3.053031984904392,168.0,5.0,0.02,0.21,14.0,0.0,0.3,40.0,50.0
243.73045088816917,233.56265536859445,9.362616318781427,6.553831423146999,1.3107662846294,86.0,96.2083481685015,7.381013884591839,43.11760715903872,0.8182506896121453,11.37622875570868,0.375,0.91,0.015,4.096171032290976,169.0,5.0,0.02,0.21,14.0,0.0,0.3,40.0,50.0
247.79962638896436,233.4971345562078,7.0412035964767945,4.928842517533756,0.9857685035067512,89.0,96.5612941656207,7.380410554930494,43.17343861793751,0.820682399370708,1.6654802623089784,0.335,0.485,0.175,1.297383412225183,170.0,5.0,0.02,0.21,14.0,0.0,0.3,40.0,50.0
243.27007945263776,224.0429710183676,9.791425326283216,6.853997728398251,1.3707995456796505,86.0,96.18394499656108,7.378691710639447,43.480625191325444,0.8026192529917173,24.57119149342388,0.335,0.775,0.01,4.033577840067764,171.0,5.0,0.02,0.21,14.0,0.0,0.3,40.0,50.0
245.27441175157793,234.90698577739977,7.0560499759700965,4.939234983179067,0.9878469966358135,87.0,96.3328322433366,7.380987655111741,43.09727356261951,0.9491248734736316,0.09703469594674956,0.5,1.545,0.005,3.1328764770966737,172.0,5.0,0.02,0.21,14.0,0.0,0.3,40.0,50.0
244.75787209592906,242.0043401274558,7.387320015276064,5.171124010693244,1.0342248021386489,86.0,96.22724022107448,7.382822964577054,42.818013507569916,1.0992993222977523,0.4875299912986354,0.495,0.315,0.325,4.170982146723619,173.0,5.0,0.02,0.21,14.0,0.0,0.3,40.0,50.0
245.00567888944715,234.08913600446402,6.9705673460654936,4.879397142245845,0.9758794284491692,87.0,96.33087704908314,7.380794444392167,43.127844317535775,1.2999592600057779,0.6817558932338342,0.31,0.46,0.7,3.124204784333869,174.0,5.0,0.02,0.21,14.0,0.0,0.3,40.0,50.0
251.31806215298624,249.31414313477694,8.164657800256219,5.715260460179352,1.1430520920358702,92.0,96.90867783740619,7.384070779369237,42.59554657836332,1.0101523639037597,32.33215263062203,0.415,0.335,0.005,2.443867716049087,175.0,5.0,0.02,0.21,14.0,0.0,0.3,40.0,50.0
245.85827021765584,239.7869647318583,7.544201064652951,5.280940745257065,1.056188149051413,87.0,96.34503072415615,7.382195673589339,42.910752668306536,0.9337600470097205,10.880960252840778,0.5,0.395,0.01,3.1916233721417275,176.0,5.0,0.02,0.21,14.0,0.0,0.3,40.0,50.0
253.0329144587844,246.84234694855468,7.345708473917941,5.141995931742558,1.0283991863485116,93.0,96.99770734842599,7.383230620263018,42.70926532958652,1.0298256181827725,1.2544832529906693,0.37,0.545,0.02,3.2658836460301814,177.0,5.0,0.02,0.21,14.0,0.0,0.3,40.0,50.0
243.08501129050413,220.25579007858624,6.476368573682613,4.533458001577829,0.9066916003155658,86.0,96.17150542508114,7.377514259057916,43.64668908809385,0.9078043563484741,0.3533239699618521,0.455,0.41,0.04,4.0155732592585025,178.0,5.0,0.02,0.21,14.0,0.0,0.3,40.0,50.0
243.73389523571873,230.58950182384274,6.824475341897129,4.77713273932799,0.9554265478655978,86.0,96.19806755764621,7.380033594491017,43.25157574232652,1.1493361128848663,0.6145016003553867,0.315,0.575,0.31,4.069415052495149,179.0,5.0,0.02,0.21,14.0,0.0,0.3,40.0,50.0
245.46473139864506,210.16776247169025,6.031832896508682,4.222283027556077,0.8444566055112155,88.0,96.39082419234352,7.374758144254427,44.063807395740525,0.8605873371422981,0.8838806105329561,0.335,0.57,0.065,2.0010175870669373,180.0,5.0,0.02,0.21,14.0,0.0,0.3,40.0,50.0
243.4172305353922,233.3141045928013,7.07988055987003,4.95591639190902,0.991183278381804,86.0,96.20584890475871,7.3807753024092095,43.14156931865958,0.9296129787936018,0.8799550697063558,0.605,0.32,0.545,4.09107604850687,181.0,5.0,0.02,0.21,14.0,0.0,0.3,40.0,50.0
247.48925230873127,228.6953022717679,6.736056458878405,4.715239521214883,0.9430479042429768,89.0,96.54992126797286,7.379211189213952,43.35879776792952,0.9268585040370428,0.9519455203074452,0.455,0.355,0.49,1.1879142655983934,182.0,5.0,0.02,0.21,14.0,0.0,0.3,40.0,50.0
245.85018437813275,237.60342775398692,7.179323977398931,5.0255267841792515,1.0051053568358506,87.0,96.33915364988027,7.381613110595561,42.997546039232176,0.9213740151469428,1.5858981352849197,0.505,0.495,0.06,3.1630545274242583,183.0,5.0,0.02,0.21,14.0,0.0,0.3,40.0,50.0
244.3335294438816,240.57784112930813,7.708961303581062,5.396272912506743,1.0792545825013486,86.0,96.22458049721487,7.382567669344799,42.86444099763121,0.8734512063775994,4.9635868595680055,0.48,0.46,0.045,4.158063761880137,184.0,5.0,0.02,0.21,14.0,0.0,0.3,40.0,50.0
247.7161909363346,244.14506551560925,7.4189516993024345,5.193266189511704,1.0386532379023408,89.0,96.58644256376704,7.383078339800633,42.7640784927962,1.0116522557426422,0.9145640189602253,0.545,0.4,0.515,1.5898119297479525,185.0,5.0,0.02,0.21,14.0,0.0,0.3,40.0,50.0
243.52233658038392,217.75475587345915,6.375320140145632,4.462724098101942,0.8925448196203885,86.0,96.16442982336287,7.376846403205188,43.74757359702506,0.8734512063775994,13.020748894601853,0.46,1.135,0.0,4.007956971939552,186.0,5.0,0.02,0.21,14.0,0.0,0.3,40.0,50.0
243.09977655280247,202.57839124246573,5.774992831173515,4.04249498182146,0.8084989963642921,86.0,96.12427423803442,7.373081641661367,44.33978032593733,0.8354251715113689,0.5305550015873443,0.34,1.02,0.01,4.014405394313594,187.0,5.0,0.02,0.21,14.0,0.0,0.3,40.0,50.0
250.91170179891319,232.06560353782493,6.987226343361351,4.891058440352945,0.9782116880705891,92.0,96.87193199140432,7.379758863889023,43.25747816357005,0.9379256155858615,5.597441661420408,0.305,0.475,0.01,2.1333866685566654,188.0,5.0,0.02,0.21,14.0,0.0,0.3,40.0,50.0
245.5994697401236,245.19191835632233,7.6859576326725225,5.380170342870765,1.076034068574153,87.0,96.3589336068442,7.383577922143507,42.70136993719451,0.8631448646242685,1.0847174642751116,0.34,0.735,0.45,3.2690120893049937,189.0,5.0,0.02,0.21,14.0,0.0,0.3,40.0,50.0
246.30227134584075,235.99387627134405,7.1191912818491145,4.98343389729438,0.996686779458876,88.0,96.4540748595962,7.381169098843303,43.064605092404264,1.0101523639037597,0.8391520613620428,0.555,0.365,0.815,2.2079319810981577,190.0,5.0,0.02,0.21,14.0,0.0,0.3,40.0,50.0
244.29458344463592,228.9121239024709,6.861094131705254,4.802765892193678,0.9605531784387356,86.0,96.19332240594981,7.379582112956338,43.31899707171339,0.6549843413984259,1.3876566171083673,0.315,0.385,0.64,4.057556529283965,191.0,5.0,0.02,0.21,14.0,0.0,0.3,40.0,50.0
248.19396280603866,237.39006927154838,7.22847557936306,5.059932905554142,1.0119865811108284,89.0,96.57024593703225,7.381357687734438,43.02569674423228,0.8695719852137694,2.7541071673055564,0.36,0.325,0.105,1.396161464229544,192.0,5.0,0.02,0.21,14.0,0.0,0.3,40.0,50.0
244.60688766111556,225.25392609469606,6.725882930561922,4.708118051393345,0.941623610278669,87.0,96.30897997493838,7.378638323060896,43.46488575085515,0.7966869888271064,1.4551301622904074,0.4,0.5,0.205,3.0473508592936676,193.0,5.0,0.02,0.21,14.0,0.0,0.3,40.0,50.0
252.43650225919652,243.13280317117218,7.2751851551315605,5.092629608592092,1.0185259217184184,93.0,96.99061732221124,7.382368473405147,42.84596184686083,1.0056660177860413,1.1769471693566367,0.32,0.89,0.025,3.214312377305738,194.0,5.0,0.02,0.21,14.0,0.0,0.3,40.0,50.0
243.43108409487968,231.70438382254764,6.901796881691706,4.831257817184194,0.9662515634368388,86.0,96.20135669901433,7.380346906976548,43.20573148529148,1.2232369246646455,0.725591907242972,0.315,0.56,0.69,4.078095446830209,195.0,5.0,0.02,0.21,14.0,0.0,0.3,40.0,50.0
243.13064795973355,220.85721924780586,6.472133812038265,4.530493668426786,0.9060987336853572,86.0,96.17299917571356,7.377655425567791,43.624063375200315,1.0086546958285425,0.5860075160662177,0.38,0.545,0.23,4.017627203445558,196.0,5.0,0.02,0.21,14.0,0.0,0.3,40.0,50.0
251.13592441380098,241.51666273236714,7.496708344148915,5.24769584090424,1.049539168180848,92.0,96.89207936354944,7.382116007927847,42.894185807940914,0.9777115597325253,9.160524337405818,0.37,0.65,0.005,2.2853500885770845,197.0,5.0,0.02,0.21,14.0,0.0,0.3,40.0,50.0
246.1862352318576,240.5653606017463,7.481254198124522,5.236877938687165,1.047375587737433,88.0,96.46566106316052,7.382357144002308,42.88538146317173,0.9296129787936018,1.014658723923839,0.32,0.87,0.165,2.289623218488402,198.0,5.0,0.02,0.21,14.0,0.0,0.3,40.0,50.0
247.44260329851002,225.2293134120098,6.69755402723668,4.688287819065676,0.9376575638131351,89.0,96.5418979196611,7.378367691592142,43.491170702056,0.8329497784193873,2.175334487711337,0.31,0.37,0.095,1.1220103628960745,199.0,5.0,0.02,0.21,14.0,0.0,0.3,40.0,50.0
243.34107103131205,227.06017168142338,6.701969709696413,4.691378796787489,0.9382757593574975,86.0,96.18919984419212,7.379190371030726,43.384776484998724,1.0313547212125524,0.5748127325325483,0.345,0.745,0.14,4.047035949112699,200.0,5.0,0.02,0.21,14.0,0.0,0.3,40.0,50.0
249.37189414185283,230.94256223172422,6.766562011880149,4.736593408316104,0.9473186816632208,90.0,96.66364517955843,7.379590400695948,43.288542445170854,1.1425351598649045,0.6868323612961498,0.305,0.3,0.555,0.7114575548291455,201.0,5.0,0.02,0.21,14.0,0.0,0.3,40.0,50.0
245.07392901707678,227.5667892994864,6.847762638040671,4.79343384662847,0.958686769325694,87.0,96.31450934455405,7.379181444634002,43.378196381781585,0.8026192529917173,1.0847174642751116,0.33,0.62,0.38,3.0637623503838403,202.0,5.0,0.02,0.21,14.0,0.0,0.3,40.0,50.0
244.81577988280242,231.0915564882798,6.889345851292841,4.822542095904988,0.9645084191809976,87.0,96.32354805702685,7.380071209384927,43.24127582060331,0.9463125843119655,0.08132930276546049,0.47,1.59,0.01,3.0944567181334395,203.0,5.0,0.02,0.21,14.0,0.0,0.3,40.0,50.0
250.24510201403308,246.9988866904405,9.803893989745095,6.862725792821567,1.3725451585643134,91.0,96.80538223142443,7.3836913540808,42.66632870682575,0.9561922155460022,47.270835268534135,0.375,1.325,0.005,1.666937046872818,204.0,5.0,0.02,0.21,14.0,0.0,0.3,40.0,50.0
246.890021589142,223.6881457486607,6.515190957321043,4.56063367012473,0.912126734024946,88.0,96.42303258458062,7.378007074565298,43.54719638267164,0.9690463085136708,0.6491793534077077,0.33,0.655,0.085,2.050617252406125,205.0,5.0,0.02,0.21,14.0,0.0,0.3,40.0,50.0
245.9061343156801,241.75214565620706,7.405877549360782,5.184114284552547,1.0368228569105091,87.0,96.3497176822642,7.382661008895748,42.83753943271901,1.0436695650601786,0.7064700818922967,0.565,0.305,0.495,3.2173458891582105,206.0,5.0,0.02,0.21,14.0,0.0,0.3,40.0,50.0
251.34103613255886,248.12541929136137,7.495610843704438,5.246927590593106,1.0493855181186214,92.0,96.9057721079759,7.3837277329905975,42.64459213894605,0.9864542959776644,1.083109244787709,0.315,0.575,0.38,2.4160154117486163,207.0,5.0,0.02,0.21,14.0,0.0,0.3,40.0,50.0
243.02812646651563,207.1188701936361,5.951221138344951,4.165854796841465,0.833170959368293,86.0,96.1365158129701,7.374224786119261,44.16050821354884,0.7474460054591892,0.9952752101233217,0.38,0.375,0.685,4.00321906552922,208.0,5.0,0.02,0.21,14.0,0.0,0.3,40.0,50.0
246.75762219569836,242.43492945485593,7.354221165742391,5.1479548160196735,1.0295909632039348,88.0,96.46936636309657,7.382737993995962,42.820763990457856,0.9435086280583813,1.0421222038456524,0.565,0.4,0.605,2.3217660446739417,209.0,5.0,0.02,0.21,14.0,0.0,0.3,40.0,50.0
252.893403862047,241.01352888908957,7.097306572498661,4.968114600749062,0.9936229201498123,93.0,96.9857558914226,7.3817786333889135,42.93211217502727,1.014658723923839,29.316101510048952,0.345,0.33,0.0,3.1843970240415977,210.0,5.0,0.02,0.21,14.0,0.0,0.3,40.0,50.0
248.1884570183885,235.31768306949948,6.99324737677266,4.895273163740862,0.9790546327481724,89.0,96.56503789148043,7.380806323164604,43.10813982824889,0.9835313984721932,0.7654022618014105,0.435,0.515,0.09,1.3399308064060336,211.0,5.0,0.02,0.21,14.0,0.0,0.3,40.0,50.0
243.36424551597045,232.45119170220434,7.055952832890017,4.939166983023012,0.9878333966046023,86.0,96.20365046095966,7.380565579889432,43.17432734626122,1.102566263497496,0.6072507505597845,0.525,0.335,0.715,4.08432801463497,212.0,5.0,0.02,0.21,14.0,0.0,0.3,40.0,50.0
247.46906808643897,244.59405961332584,7.882715334897678,5.517900734428374,1.1035801468856747,88.0,96.47449326413957,7.383265693913875,42.739134297291976,0.9561922155460022,1.1240393275978673,0.4,1.295,0.035,2.364272048700276,213.0,5.0,0.02,0.21,14.0,0.0,0.3,40.0,50.0
246.3419385564869,219.8821541269691,6.394826179949158,4.4763783259644105,0.8952756651928822,88.0,96.41415788513406,7.377108651650218,43.69078393666406,0.9323756394071729,0.8391520613620428,0.315,0.53,0.32,2.023762479597093,214.0,5.0,0.02,0.21,14.0,0.0,0.3,40.0,50.0
245.09347188789351,222.88274579773775,6.762169090207456,4.733518363145219,0.9467036726290438,87.0,96.30269291812422,7.3780218667190365,43.55882341575954,0.8504327834128902,4.719402895559616,0.385,0.32,0.035,3.032265947848585,215.0,5.0,0.02,0.21,14.0,0.0,0.3,40.0,50.0
244.97284140564287,203.87977307333855,5.789172291111391,4.052420603777973,0.8104841207555946,87.0,96.25339758455745,7.373228039756013,44.305504782248896,0.8354251715113689,0.851695520834431,0.305,0.37,0.47,3.0155154073519417,216.0,5.0,0.02,0.21,14.0,0.0,0.3,40.0,50.0
243.9054249760085,215.4827865689473,7.204533212703389,5.043173248892372,1.0086346497784744,86.0,96.15897617621114,7.376332565103274,43.83168086141721,0.8182506896121453,2.460417087054111,0.33,1.48,0.01,4.003539850234197,217.0,5.0,0.02,0.21,14.0,0.0,0.3,40.0,50.0
249.50719987610216,228.5361176148857,6.673374651762632,4.671362256233842,0.9342724512467685,90.0,96.6579945044725,7.3789750360519495,43.38274209164361,0.961883960154326,0.6559568735662101,0.365,0.37,0.04,0.6172579083563932,218.0,5.0,0.02,0.21,14.0,0.0,0.3,40.0,50.0
247.37556425830346,220.9766264214341,6.782789179704274,4.747952425792992,0.9495904851585981,89.0,96.53198134037713,7.377328145614922,43.65442093269312,0.8799550697063558,1.6580834366656956,0.315,1.29,0.01,1.0580287764331802,219.0,5.0,0.02,0.21,14.0,0.0,0.3,40.0,50.0
250.24994836870107,245.2868614574946,7.459724314895501,5.2218070204268505,1.0443614040853701,91.0,96.80040378286816,7.383123645186187,42.74302068898883,1.0071592482200025,0.9241121908825243,0.415,1.3,0.01,1.6062369029225174,220.0,5.0,0.02,0.21,14.0,0.0,0.3,40.0,50.0
244.088490724093,204.89826448029868,5.818826709272863,4.073178696491004,0.8146357392982008,87.0,96.25690090737135,7.373566430049483,44.25838367295153,0.8669954139557061,0.08132930276546049,0.3,0.905,0.01,3.011106461493503,221.0,5.0,0.02,0.21,14.0,0.0,0.3,40.0,50.0
249.34946728973273,244.76518120628015,7.373431310088015,5.16140191706161,1.032280383412322,90.0,96.69539614487557,7.383069766199877,42.755218076511476,0.9864542959776644,1.132409111862248,0.475,0.415,0.12,1.2447819234885245,222.0,5.0,0.02,0.21,14.0,0.0,0.3,40.0,50.0
243.86563850980636,210.21773737248566,6.058089177634408,4.240662424344086,0.8481324848688171,86.0,96.1439583976097,7.374921736282294,44.04544685717077,0.8944345465113168,0.7768433255764277,0.395,0.405,0.49,4.000258168771948,223.0,5.0,0.02,0.21,14.0,0.0,0.3,40.0,50.0
252.23677887735434,244.34679261192292,7.25477153480049,5.078340074360343,1.0156680148720685,92.0,96.89687476446157,7.382679555345672,42.79739891847095,1.0671576088053416,0.976261988913205,0.325,0.435,0.735,2.333720069180288,224.0,5.0,0.02,0.21,14.0,0.0,0.3,40.0,50.0
244.76253870188458,214.4920733447119,6.599780569913176,4.619846398939223,0.9239692797878446,87.0,96.28154384672898,7.375956613010525,43.882943670305764,0.8454005275377059,1.1857109142330189,0.315,1.345,0.015,3.0022828288356656,225.0,5.0,0.02,0.21,14.0,0.0,0.3,40.0,50.0
248.2911560147036,227.74239253863692,6.67573560508974,4.673014923562818,0.9346029847125635,89.0,96.54690940735469,7.378894296850776,43.40213824989365,0.9393182638897868,0.9337600470097205,0.355,0.44,0.94,1.165091701215069,226.0,5.0,0.02,0.21,14.0,0.0,0.3,40.0,50.0
244.0402525410786,237.92225353254145,7.137891672203453,4.996524170542417,0.9993048341084835,86.0,96.21716268843167,7.381856712863578,42.970110024504535,1.013154374647074,0.11040461245213438,0.445,0.485,0.04,4.130456798179355,227.0,5.0,0.02,0.21,14.0,0.0,0.3,40.0,50.0
248.09103061244855,217.43331220962324,6.258941528749087,4.3812590701243606,0.8762518140248721,89.0,96.52239794086711,7.376326646041427,43.80205107391274,0.902432616341675,4.375464830813873,0.34,1.205,0.0,1.0194036380840998,228.0,5.0,0.02,0.21,14.0,0.0,0.3,40.0,50.0
247.2515611332497,230.22899421888852,6.889966004334858,4.8229762030344006,0.9645952406068801,89.0,96.55396341435319,7.3796369646235505,43.29602519301349,0.791972762308088,1.278914981219739,0.32,0.515,0.325,1.2229392989317547,229.0,5.0,0.02,0.21,14.0,0.0,0.3,40.0,50.0
245.39882148423828,229.6522595417489,6.834135769323328,4.783895038526329,0.9567790077052658,87.0,96.31932112857879,7.379654813344341,43.30148975726134,0.9186439527188502,1.1734598350123984,0.485,0.495,0.015,3.080246184838286,230.0,5.0,0.02,0.21,14.0,0.0,0.3,40.0,50.0
250.20578022851936,234.26741001602414,6.901681969388129,4.83117737857169,0.966235475714338,91.0,96.77594004441325,7.380348175206704,43.16780985851427,0.9365350320446194,1.5441043020514336,0.37,0.34,0.085,1.300976722153799,231.0,5.0,0.02,0.21,14.0,0.0,0.3,40.0,50.0
252.7847890424729,243.38969084162372,7.199469041255664,5.0396283288789645,1.007925665775793,93.0,96.99076029038032,7.3823858359100125,42.839913239444236,1.0847174642751116,0.9379256155858615,0.35,0.365,0.665,3.2164889696712415,232.0,5.0,0.02,0.21,14.0,0.0,0.3,40.0,50.0
243.73260276611467,224.38205672717862,6.677942892119232,4.674560024483462,0.9349120048966924,86.0,96.18189199711541,7.378497095897762,43.49047083556352,0.976261988913205,0.6549843413984259,0.505,0.31,0.465,4.032321907959648,233.0,5.0,0.02,0.21,14.0,0.0,0.3,40.0,50.0
247.86858145352505,237.66254236508394,7.880502125253076,5.516351487677153,1.1032702975354307,89.0,96.57197386929988,7.381540825234893,43.00586874969503,0.8747481219548154,6.541064018119013,0.34,0.565,0.025,1.4100698361545494,234.0,5.0,0.02,0.21,14.0,0.0,0.3,40.0,50.0
